news_date,forecast_date,target_date,target_up,probability_up,top_headline_id,top_attention_weight
2019-02-13,2019-02-14,2019-02-15,1,0.5476635098457336,2bbae85111c13c7a7fadce89e3d786ab25b15162547374d40e8ca71d8eaa8f49,0.06285342574119568
2019-02-14,2019-02-15,2019-02-19,1,0.5449249744415283,5aea8e41d5cc0a7b5bf35405799580a6f05c0384319d065df1c940f35741c2e3,0.06294518709182739
2019-02-19,2019-02-20,2019-02-21,0,0.547275185585022,8719fcc5ea268c48733d0e1ed1c4d0e74cc32f1a5862df933f7ddd63393f0820,0.06336551159620285
2019-02-20,2019-02-21,2019-02-22,1,0.5476499199867249,6ec93f9ddd0b0590d6b7d852c8c65a2253de257e7a39de2002ff64b236653338,0.06320653110742569
2019-02-21,2019-02-22,2019-02-25,1,0.5467686653137207,6085e0487242a52e84fe75507d89b59e25e83a6a198e4f3b39632d41a96e6bbf,0.06321293115615845
2019-02-25,2019-02-26,2019-02-27,0,0.547107994556427,01ea235cd2a4b0ec6705d620c44e516024fb55f412fbeb0e51c01f370b8c8552,0.06332060694694519
2019-02-26,2019-02-27,2019-02-28,0,0.5470719933509827,4205b2c2096295728479c45512d9b0bb70e1576b96bd660fa89e4424cf41b374,0.06325285136699677
2019-02-27,2019-02-28,2019-03-01,1,0.5476308465003967,1cfa8e345695d788ad3af4ed7a66c11be4e045f964c6eb17d5c1df0a0e47fcd5,0.06328809261322021
2019-02-28,2019-03-01,2019-03-04,0,0.5462058782577515,45e86fd9773fc75387820d7733716477c93dc81ac9965b3b51ff9d525b63f13a,0.06292729079723358
2019-03-04,2019-03-05,2019-03-06,0,0.547032356262207,364999ebb0a66a262b182c62c30f1e72da84e321e267b9d20712b06824cbf0cf,0.06370344012975693
2019-03-05,2019-03-06,2019-03-07,0,0.5483654737472534,058dcdf1d97afa2b4cc0af897bc04d972dd27228e3cf04986b1ea80c423f5ac9,0.06324255466461182
2019-03-06,2019-03-07,2019-03-08,0,0.5482473969459534,538b02d7afff79a703b8f6e6cd1988e9bccd1d0903b3ecc9f70cacc84ac492af,0.06367617845535278
2019-03-07,2019-03-08,2019-03-11,1,0.5475354194641113,350f50b4c657c228fd30ad24efa0ccd4ab795b5266de8ca049dbb10d0f6b118e,0.06295692175626755
2019-03-11,2019-03-12,2019-03-13,1,0.5464211702346802,27052a4caacedd45a0b683685e6bc9c36c7320df36d8302f4fd570fc6018fc18,0.06328339874744415
2019-03-12,2019-03-13,2019-03-14,0,0.5457912087440491,0ab37048eb6e2c9c81f742d8d1d134861d594efc5f014e645d3bd6b6c0958bc9,0.06291358917951584
2019-03-13,2019-03-14,2019-03-15,1,0.5473068952560425,06a71e591c9facf6820fdfb6627c28d80a75d4c10ca8f34863384fdff137439a,0.06331906467676163
2019-03-14,2019-03-15,2019-03-18,1,0.5473029613494873,67f2a7a35b292eed40202fbe4534887ca180e2b2f6bb39933b1414d456446abf,0.06330498307943344
2019-03-18,2019-03-19,2019-03-20,0,0.5465254187583923,9f693fb98fb030abb6c1d12239c070c49101494a9e2749c21abedeb3ecd7698d,0.06324676424264908
2019-03-19,2019-03-20,2019-03-21,1,0.5476261377334595,80c5c929b2d5eafa8e29e7d19aedd4a044f695dd777512d6c7ebdc430892b291,0.06328435242176056
2019-03-20,2019-03-21,2019-03-22,0,0.5447400808334351,5c1faf801f391584ab1f0003e312d9b24cbf84f0bba7e5550ae6ee849278b668,0.06285843998193741
2019-03-21,2019-03-22,2019-03-25,0,0.5489442944526672,14b8e69778b6ceb45ef88bb199ca721ceca993faf9a6dc290d9e2fbc36825589,0.0634632557630539
2019-03-25,2019-03-26,2019-03-27,0,0.5446460247039795,80b26c4c1498ec152e8315457588726cda6b4a9da14921e5e5a13d25ce68cab8,0.06314385682344437
2019-03-26,2019-03-27,2019-03-28,1,0.5473076105117798,644382c618a1e16e93eac38f8ced6148935b2f6cd94e10bc93abf362643e5f6d,0.06312686204910278
2019-03-27,2019-03-28,2019-03-29,1,0.5460596680641174,06cb7b63437a557452d73014f9b79fe8dd868182672afc3aa89bdd80672d1927,0.06311403214931488
2019-03-28,2019-03-29,2019-04-01,1,0.5456380844116211,3a6d756077c2da9b6a7d7a1c315926c536806b3e9b93528e2a91d809a43892c1,0.06290677934885025
2019-04-01,2019-04-02,2019-04-03,1,0.5471820831298828,1315f7467ba07dda7e16bb1a3883210b0b0a6eeb9d30e440d24191ac55a61bc1,0.06294269114732742
2019-04-02,2019-04-03,2019-04-04,1,0.5464345812797546,4f7a9528f9591c275eeaf8dceb7c9cf01582a2d2150fc704d7b755c17bf53820,0.06284907460212708
2019-04-03,2019-04-04,2019-04-05,1,0.5466482639312744,308b947f04aed8b2b9be22d6e13a7f016b12a4bdf630e5dbe6d8f9c6af061440,0.06294145435094833
2019-04-04,2019-04-05,2019-04-08,1,0.5462092161178589,00330daf68fc6692aba1fded8dcb742ae2e6e8966075262cd0621c26ffdde148,0.06303483247756958
2019-04-08,2019-04-09,2019-04-10,1,0.5482016801834106,67df37c5a7812dd4e78c27670c5daeaf6daaf303b48062f8689f0f09f14daa7b,0.06327107548713684
2019-04-09,2019-04-10,2019-04-11,0,0.5460038781166077,5813f6d213a9e8a9cf1572d18f233d3a5c420f62c08aeb797bc95ebc0abaee21,0.06283736974000931
2019-04-10,2019-04-11,2019-04-12,1,0.5470394492149353,a2d10cc7bc4af84142475e233034d5c361df442cb7a75f470d36ba4e3585d3c5,0.06312964111566544
2019-04-11,2019-04-12,2019-04-15,0,0.5455044507980347,97dff4775382d1cfa475e4a811c43f47d2abebdd0f9ca365c119e27fbb7457ba,0.0633411705493927
2019-04-15,2019-04-16,2019-04-17,0,0.5464556813240051,105bc0e6534d922724d256786f8938bf741fef7ce208feee1f4fadb36f7b4a5a,0.06300181150436401
2019-04-16,2019-04-17,2019-04-18,1,0.5472279191017151,00d0ceaf1f42c38c744d06630c2dee69be57061b1f679e29c16883f431d1219a,0.06331942975521088
2019-04-17,2019-04-18,2019-04-22,1,0.5466898679733276,281c20ec32ffd6239015907dc8c85e15e53bc7452c77ef06818dd51049b387ac,0.06293372809886932
2019-04-22,2019-04-23,2019-04-24,0,0.5456079244613647,668880e5c9e190151c0dfaa05fca6436e6b121ed5a738767bfc127f741e20f85,0.06309601664543152
2019-04-23,2019-04-24,2019-04-25,0,0.547547459602356,98c7fb4045457b7861027ed769c97e51f595d568b6a43340676b91aeaaacfc8f,0.0632752999663353
2019-04-24,2019-04-25,2019-04-26,1,0.5470967888832092,67f73a5f8cb96bae7eba5894966910ea80753c22d6fc9969ca6677c7a989866e,0.0630054920911789
2019-04-25,2019-04-26,2019-04-29,1,0.5465749502182007,2db43f251a82f46d64ffdc35ca2d0170a9c522247c86a77008d018e973153934,0.06316802650690079
2019-04-29,2019-04-30,2019-05-01,0,0.5478319525718689,0aa98b91e08a5f622d2ac5e6f083ca44d12eebf693532bf1e350bb8a0bcd0571,0.06367766112089157
2019-04-30,2019-05-01,2019-05-02,0,0.5485303997993469,73551cbf19d8655d7c54b4933899352090cf777e4baa21d04344588ce5c5d8ea,0.06355530023574829
2019-05-01,2019-05-02,2019-05-03,1,0.5471904277801514,4f3cdc865dfafb916a4294cd90ff5a55c245d4610eb1c74d15ce44d21e8e0340,0.063371941447258
2019-05-02,2019-05-03,2019-05-06,0,0.5445877313613892,41ba86a1d50219ed95d912b606a8fac8ce9cf395ed250f9f8656b7c66b66bc2b,0.0630057081580162
2019-05-06,2019-05-07,2019-05-08,0,0.5462735295295715,7c8852ce44edf880a500cbc8ec1aa32492eab278325375ea3b4c2afcaf4aa9b5,0.06389427930116653
2019-05-07,2019-05-08,2019-05-09,0,0.5481682419776917,0b34907e35880c57858a3474020e83e7f2851f8c46c50b6a393a5c9565a11e82,0.06338944286108017
2019-05-08,2019-05-09,2019-05-10,1,0.5477116703987122,7f1e16e5b7c3e68d939e9f6dc28ec80d06c8f3ddb96ff184cd973dd588586a76,0.06352562457323074
2019-05-09,2019-05-10,2019-05-13,0,0.5466153621673584,0fd89d6d13499ef946a2062d70e899c6d3b73307dcbd9f0a2c25e9c7bbc4719c,0.06301086395978928
2019-05-13,2019-05-14,2019-05-15,1,0.5448347926139832,148a561923c8ef01cb694104a45a602d9fdc656294987788f26939b0260b6fbe,0.06293158233165741
2019-05-14,2019-05-15,2019-05-16,1,0.5462497472763062,36398d79acfd5a11c05a327a89b3dee137ade375d5a5931abf8fdf5a37e9b251,0.06284677982330322
2019-05-15,2019-05-16,2019-05-17,0,0.5447996854782104,658194243012c1dda40034b5805ed6bd38b7dd2ddb8f160732b6cc1416a2a6bf,0.0629296526312828
2019-05-16,2019-05-17,2019-05-20,0,0.5470989942550659,429d0d783334d29e398aca3bf0ce41a682bf5440f0289a937505081e3cd26d50,0.06345409899950027
2019-05-20,2019-05-21,2019-05-22,0,0.5445443391799927,2bb37b0c8ea12b3ed43f2dae347d76d3310694de104fe3f01c1cb9d79e89748b,0.06310376524925232
2019-05-21,2019-05-22,2019-05-23,0,0.5469064712524414,22a16feef90056f9663c51c03f4669d14906bf8868729fb8c9ad858186402e6a,0.06303348392248154
2019-05-22,2019-05-23,2019-05-24,1,0.5481780171394348,7470ce198b11d345c7376045ab85f300e87cb1d3ed346d605863c4f8ba827230,0.0641489252448082
2019-05-23,2019-05-24,2019-05-28,0,0.5457708239555359,0f3b2ebcecebc322095969032efc246dba09d7ad9ee0089f5d76bc5ca8767947,0.0629952922463417
2019-05-28,2019-05-29,2019-05-30,1,0.5486410856246948,945264ec79afa3e43684af970d838e7da418951b3823a5e90ee83eadd785159a,0.06318974494934082
2019-05-29,2019-05-30,2019-05-31,0,0.5467093586921692,76d97d31f6dd191bd3168e3f6add178cea451bd746942b4a6c353c87a02d7d10,0.06315558403730392
2019-05-30,2019-05-31,2019-06-03,0,0.5478143692016602,4f44d3a80e965b2f3db391303b32c4093475f124b74ade6c83a93833f6e7297d,0.06373754888772964
2019-06-03,2019-06-04,2019-06-05,1,0.5423170924186707,73ea80806dd2725489f5b78b6e26f22820c1325ecda8aab02a3374e7f7f64fb9,0.06318721920251846
2019-06-04,2019-06-05,2019-06-06,1,0.5451189875602722,083b870794d152280d8d1861084ab6f51c0baaf451606295b6040bba02ee0466,0.06299381703138351
2019-06-05,2019-06-06,2019-06-07,1,0.5454340577125549,3e22deb83ca2a495d3a388a8de4d49ea94519aa4b13f834c650c5b480f1c59ee,0.06289028376340866
2019-06-06,2019-06-07,2019-06-10,1,0.5448387265205383,94f75c9b4ff1ebbb783a2f2db509224aeca6bbed19fc27e804ed80ced0fbefe4,0.06289363652467728
2019-06-10,2019-06-11,2019-06-12,0,0.5464862585067749,87855b4f73d853ee88d6740254ae8639f59fa42ac09ebb7c97478f428e8c244b,0.06312517076730728
2019-06-11,2019-06-12,2019-06-13,1,0.5468640327453613,4dec824ec1728870505b6d52a74467cb614f65822231203866b1a83ebe1a191a,0.06293349713087082
2019-06-12,2019-06-13,2019-06-14,0,0.5457489490509033,6c8c2933b92f8efc72a552da0f101ff7ea18fdd92accc078110bfebaa77a1c2e,0.06293150037527084
2019-06-13,2019-06-14,2019-06-17,1,0.5462329387664795,29794443e30191bd84af7804da2f48d8336c14842f6ebead51f61b752935649b,0.06336010247468948
2019-06-17,2019-06-18,2019-06-19,1,0.5442885160446167,3776b952cd5250a656a9de821ed0843f1084f4d7c0adf5599a43e5563c4c7916,0.06290885806083679
2019-06-18,2019-06-19,2019-06-20,1,0.5467382073402405,31b488ce81b243949194ea607192f3f52599b5c5b3e0cbbabbe75a23c8b5b556,0.06291434913873672
2019-06-19,2019-06-20,2019-06-21,0,0.5439452528953552,7f9163057ba8cd9ed78f85c5f36ada4419123e3857b2d035863f2c20b60508f9,0.06321698427200317
2019-06-20,2019-06-21,2019-06-24,0,0.5480729341506958,1e0741da0a40ab6f2299daedd91849340d7f8484c234044750092bee224a57c8,0.06309410184621811
2019-06-24,2019-06-25,2019-06-26,0,0.547821581363678,63eb377bee6905192ca80a08259398256573e6fff360d8b2c132b80eb4d2f702,0.063405342400074
2019-06-25,2019-06-26,2019-06-27,1,0.5459925532341003,6215c74be610e59c0db836531699a2ee9ae0a79280e6b35d389cf58985970bf4,0.06324649602174759
2019-06-26,2019-06-27,2019-06-28,1,0.5453963875770569,777807af9ade57ee6da246c3a5af1933436af461ea0362f8162bfc94e63cf302,0.06300895661115646
2019-06-27,2019-06-28,2019-07-01,1,0.5456090569496155,1a78e81d6f343d3214b12937e6e9eb4fe904d918ae6232f5b6311cb4aa1647e3,0.062864288687706
2019-07-01,2019-07-02,2019-07-03,1,0.5463549494743347,4e5f04d0a0e46b170c5cd3c8f3f187d9b3d7996cab318682fbcb3539c38517ed,0.0629323199391365
2019-07-02,2019-07-03,2019-07-05,0,0.5458005666732788,aa70648a1f6a0a7f807720a7d52ce27af26712a1798955dc47ef17c48c4856d3,0.06292698532342911
2019-07-08,2019-07-09,2019-07-10,1,0.5454577207565308,4c625ed80ad0ed9c56fac5e08d8ab16e0918a7ba906c51e31de4e6a3fe2b2d51,0.06285550445318222
2019-07-09,2019-07-10,2019-07-11,1,0.5453377962112427,0c97e396ab6fb9fc24895aa94c0e0d5c3311a6d2695a0b08177947fc4b984170,0.0628678947687149
2019-07-10,2019-07-11,2019-07-12,1,0.5461916327476501,3db82b4179152519cc4965e176b20a68846d910bc042f0b16f9aec43830c39fa,0.06287983059883118
2019-07-11,2019-07-12,2019-07-15,1,0.544414222240448,004835dadac140b8306ded6d3bcb55bae0301eb8d990cfcf9c7ee62a519d52a0,0.06292575597763062
2019-07-15,2019-07-16,2019-07-17,0,0.5464328527450562,928c2a3ae913cd025aad46f9f2fda3ca5bbc8a9ce97b7aa5be6ec9fb76836459,0.06293687969446182
2019-07-16,2019-07-17,2019-07-18,1,0.5464839339256287,7312100d953e5a094fe2b7cd1a1fbb4b2850ecccb09495f67af9fb5106a0bab9,0.06296911835670471
2019-07-17,2019-07-18,2019-07-19,0,0.5464041233062744,6188b29774e7f9727b761620a7151c378a453bf1dc0c54ffa962ce91c3e7ff68,0.06301672756671906
2019-07-18,2019-07-19,2019-07-22,1,0.5473713874816895,40566d4f27d3da2011230496482b252de1f55fa9404f3860db8b6c248f867a45,0.06332074105739594
2019-07-22,2019-07-23,2019-07-24,1,0.545123279094696,5085cd24c537d45420af6652bb2c13ed532b0db810e6370f5f8ad3007055ea88,0.06291116029024124
2019-07-23,2019-07-24,2019-07-25,0,0.5466145277023315,0094ff0741dafc141f6088baab6346f4b58d0387a53b8cafd1c0015a80ca7817,0.06311918050050735
2019-07-24,2019-07-25,2019-07-26,1,0.5477966070175171,387b93e7ce2d562d7ac66d9bd6f0277fae3945d190ea779032b9fdd9adc13d93,0.06354191899299622
2019-07-25,2019-07-26,2019-07-29,0,0.5457119941711426,39b5856999557ddb7c995f548f672cf6e774953938b64c7e8db19f23228589cd,0.06286613643169403
2019-07-29,2019-07-30,2019-07-31,0,0.5469671487808228,0a5e3bf878668ba4ec05b9515de648ac40429f9e2e805c562bd82783465a2325,0.0629744902253151
2019-07-30,2019-07-31,2019-08-01,0,0.548835039138794,55ed206352c512923d36ac35e392d3595a93a9ba797d451081378dba4239e744,0.06362423300743103
2019-07-31,2019-08-01,2019-08-02,0,0.5478475689888,1b70271eff762d6393f03b95a1cc7a5aff69292fa8f7513e0c834107736a9a56,0.06361809372901917
2019-08-01,2019-08-02,2019-08-05,0,0.5484169125556946,039b2adde13a4535e68bbb989fef971f4dad765fd407bf8cd1007329174383e7,0.0645555704832077
2019-08-05,2019-08-06,2019-08-07,1,0.5430094599723816,7c1f88843f00a2b148cf331cef4abe7a9a97f29868b136e0066c3591c2beae22,0.0633789449930191
2019-08-06,2019-08-07,2019-08-08,1,0.5457533001899719,a3901638ea4d8c37832a3121e623868a845987bbdd3c8364ba8ce94051bf51fb,0.06322664767503738
2019-08-07,2019-08-08,2019-08-09,0,0.5428830981254578,167c44039c7d101df50a7d45c460bfd164fd5c361613946376a9f69035939266,0.06336020678281784
2019-08-08,2019-08-09,2019-08-12,0,0.5480165481567383,0df37688bf21b137ed6a7eb4f973d5916211cbdf256fc2431df8eec19771585d,0.0636911690235138
2019-08-12,2019-08-13,2019-08-14,0,0.5433955788612366,4a35cd1b0121ce4854236e1b729c3ee4168ab0e2d06e660da418499e5f031ef1,0.06295806169509888
2019-08-13,2019-08-14,2019-08-15,1,0.5463995337486267,af7e0d7c89ff2ae10b9da199e302c95961954f99dac4ef01f03395a84a45cf2d,0.0639289990067482
2019-08-14,2019-08-15,2019-08-16,1,0.5470811724662781,55240ff0e67bb02806171e8b7ebf234caa18b044ba5fea53531ee1cfd3392341,0.06306324899196625
2019-08-15,2019-08-16,2019-08-19,1,0.5446435809135437,297bf6b789f18a59ba08844ebf257ac04d6fedb56fc441104c77834fd6f51728,0.06279975920915604
2019-08-19,2019-08-20,2019-08-21,1,0.5478394031524658,6eb3be23c9b81ed53b0cab71ab8c6f22ce52406bb6ab2b24dd17d6e46e614733,0.06336791813373566
2019-08-20,2019-08-21,2019-08-22,0,0.5450458526611328,62ff32db57a301536cbe093662663cb6df73cb38a97663d013e94940e0ba57a7,0.06295991688966751
2019-08-21,2019-08-22,2019-08-23,0,0.546936571598053,13f62d46b5d09f642c1a6f2370eb493a56915e8cc7770e7f0f7a66b8a98afa92,0.06305103749036789
2019-08-22,2019-08-23,2019-08-26,1,0.5463927388191223,88e1ea242ec732978f00f672558ae654124a069bd710eb76e9ae4c32bda26ba8,0.06433744728565216
2019-08-26,2019-08-27,2019-08-28,1,0.5467400550842285,6a1964389b1fb9225d29991ef38cd2dd855249fa54d97bb6e876e99086809ba3,0.08438480645418167
2019-08-27,2019-08-28,2019-08-29,1,0.5448617339134216,baacdce4f0240be016803ec189499b49f4c0340e5b033180b1d17570113dd9dd,0.06299600005149841
2019-08-28,2019-08-29,2019-08-30,0,0.5440465211868286,5a019ecf65025341a2e2f289c47c682ef27f21d75278f61797d2ce06424a24ff,0.06288009136915207
2019-08-29,2019-08-30,2019-09-03,0,0.5465288162231445,0ed9ac26c6275d88013ccb1823529ac4f11b65bcc8c57c66c1b1cc133e0aaacf,0.06302390992641449
2019-09-03,2019-09-04,2019-09-05,1,0.5444499850273132,38fbccb2a07c703ede136551e974c1d64e08fd6e9e8790d2867fc14105633ac4,0.06298449635505676
2019-09-04,2019-09-05,2019-09-06,1,0.5433770418167114,9df5c4d86bab00a39eb9e5bc9587a17aabdfb241c2a02e7e2230e4f1d309204c,0.0628928616642952
2019-09-05,2019-09-06,2019-09-09,1,0.5461549758911133,1013177f9fd3f3b254b8f97ebde0c9f960e85c83635510b91405475bc69f4c27,0.06309925019741058
2019-09-09,2019-09-10,2019-09-11,1,0.5469241738319397,21733f4c450beaabd47236db7441813e7f17ef56f8d853e188acf326a7e9ffdb,0.06314222514629364
2019-09-10,2019-09-11,2019-09-12,1,0.5460353493690491,0202f6ab417eff4cc850f9335b99b1742c867aa82b289d5a1092e69b9e3a5e55,0.062860406935215
2019-09-11,2019-09-12,2019-09-13,0,0.5459122061729431,5ba054eb47ae31618668fb13e48352f7ba72e2bc12ae983089462df13c89bc90,0.06318707764148712
2019-09-12,2019-09-13,2019-09-16,0,0.5467334985733032,4ed8c356b6db139a9e7f7e340f05075f5d7464a92c6f00f361b2cd8216011a2f,0.06346826255321503
2019-09-16,2019-09-17,2019-09-18,1,0.5463755130767822,1d44fab75d6334580717f824753977b641db5219baf4c375f102cf8fac4aa110,0.06317263096570969
2019-09-17,2019-09-18,2019-09-19,0,0.547284722328186,85d4942dae23760e18c52a6e72dbe5f617ccb05ad3710d6f1300b16178023252,0.06294040381908417
2019-09-18,2019-09-19,2019-09-20,0,0.5472961068153381,18f2a39d7d2347392decac27674201f024e7ee1383c9bec8d91dcb9b033a45dd,0.06311974674463272
2019-09-19,2019-09-20,2019-09-23,0,0.5480884909629822,95f392c5f65da0baa6c5df7558ab37e94df1a8bb9988bd45a26e8d3eff77ea17,0.06331786513328552
2019-09-23,2019-09-24,2019-09-25,1,0.5486019253730774,4f2b384d3010c68509b70be8100632959079df8a0ef99f9e4be73ba449dcf76b,0.06344299018383026
2019-09-24,2019-09-25,2019-09-26,0,0.5464432239532471,166c975e250b3d6b900c689f43ce9535a7774c8251472bbc6c1ac4ca049fd656,0.06299151480197906
2019-09-25,2019-09-26,2019-09-27,0,0.5473300218582153,bd862333087343d431f80e770b43295047aad809ed3c269c6aee4bf13d17f1e8,0.06340077519416809
2019-09-26,2019-09-27,2019-09-30,1,0.547563910484314,5e22b0434136f68a1b28753c9f54302ea3d73ac0068c7acdb540cab7a017c733,0.0631164088845253
2019-09-30,2019-10-01,2019-10-02,0,0.5481768846511841,3c403e25ed5459e99152dd514f38acf3f7958d43d342d4f88a1214328b5ddd69,0.06409083306789398
2019-10-01,2019-10-02,2019-10-03,1,0.5481164455413818,068f0d7733c6885cb0ffb132d2a60dafac25abc11f4e6fe3c32ba6d46da2b835,0.06355932354927063
2019-10-02,2019-10-03,2019-10-04,1,0.5460172295570374,b73946b9b0e796a257f608ff29a056ffad69fdf6afbe1df829b1813d17683b56,0.06302668154239655
2019-10-03,2019-10-04,2019-10-07,0,0.5453870892524719,59b11b4f310702f7e8eaf9f47b5be5d975ff5e5b90f781427c620de13857d271,0.06315486133098602
2019-10-07,2019-10-08,2019-10-09,1,0.5478788614273071,5e3ed46c0a0baeef4ac102184739eab88bd67f92e3afe7253f74264a8059528c,0.06340549886226654
2019-10-08,2019-10-09,2019-10-10,1,0.5443999171257019,952bc98b9605b09f5e53f5a1fb98781bf9b2b98e409cba4f0428415cb3db664b,0.06282102316617966
2019-10-09,2019-10-10,2019-10-11,1,0.545319676399231,82079bcb0772657203ac0cd1e4623344ea48781e68afd0f778fe41a33e49cf8d,0.06322111189365387
2019-10-10,2019-10-11,2019-10-14,0,0.5441984534263611,1a110c103533e3b57d0a518ba8587ea20508e49cc52d2f67c4388ce2bd18973c,0.06302066147327423
2019-10-14,2019-10-15,2019-10-16,0,0.5448052883148193,1364dab62b741290dc692d1760da0c0cdf062dc17e27e3b077f3dec2bbff69e6,0.06301523745059967
2019-10-15,2019-10-16,2019-10-17,1,0.5470299124717712,39ab80f22bc4f37aa2ce0cf3a820293e500343ba2ce3477fdffd41dccb36a398,0.06323737651109695
2019-10-16,2019-10-17,2019-10-18,0,0.5458182692527771,8d6dd3daad6fa5787831b44e8edf1718f50f80159248d43a0b5608146f68f65c,0.06294713169336319
2019-10-17,2019-10-18,2019-10-21,1,0.5476584434509277,4b5021d7ab3b69000e8ca70bf883d6a438c1e69e9cc0ee6f058c1d9f374ebe0d,0.06295385211706161
2019-10-21,2019-10-22,2019-10-23,1,0.5471366047859192,668b41cc5e6e6066776382339aecefda22f90e2ae7d8e8cc130746efa5cfb476,0.06329155713319778
2019-10-22,2019-10-23,2019-10-24,1,0.546616792678833,2e672f964e7033a1f85a8178884bfd9f846e327321427d83f43748e972d90488,0.06303737312555313
2019-10-23,2019-10-24,2019-10-25,1,0.5456652045249939,74a778df4a2ee37f528629f3d1a8f175f2100d93b5533da42db7b1470460ec6b,0.06289724260568619
2019-10-24,2019-10-25,2019-10-28,1,0.546938955783844,82e7828736764d920fcbded6a553cc7b562ef862a78341f2a70ab9ebedbd2ee0,0.0629437118768692
2019-10-28,2019-10-29,2019-10-30,1,0.5456932187080383,15499dd2bf98f181be9ca783da2b0ab50fba6158696a90307ee03043ccb61952,0.06317257881164551
2019-10-29,2019-10-30,2019-10-31,0,0.5462335348129272,15467b8f6a30e6f59a89e6612baeb17b4cb1f92163c013b4ac746d4136a8b9aa,0.0628669410943985
2019-10-30,2019-10-31,2019-11-01,1,0.5483275055885315,4c0f1dd29353b29f2b934390dec42cfcad69ee7e630498b166dd1413e68ea64b,0.06353741139173508
2019-10-31,2019-11-01,2019-11-04,1,0.5453740954399109,3c48595092bb3965165e19095c646c998564956685ecc481b6cdf4b93e0ef353,0.06296791881322861
2019-11-04,2019-11-05,2019-11-06,1,0.5466938018798828,59d56e03b32d13bbb9a153b9e550dad4807fd0855f258f65b97417279594cb03,0.0634627565741539
2019-11-05,2019-11-06,2019-11-07,1,0.5465755462646484,67a6b0b734fadfff25ec5d496858e9c09427e67baac8114e9b82caecd455c28f,0.06295494735240936
2019-11-06,2019-11-07,2019-11-08,1,0.5455614924430847,57726311852ddac35d511079b3e65e35967c81a485a0803aee3d934aedcbee68,0.06300042569637299
2019-11-07,2019-11-08,2019-11-11,0,0.5463118553161621,11e23028c6e3428fed6121593cb553054c1c2c603609ff959246c7065e3fc87c,0.06296834349632263
2019-11-11,2019-11-12,2019-11-13,1,0.5458717346191406,af7d6f4a0b47f4656c00de870fe7bc49d22922a74cc268a789dbf3a255ef7c2f,0.07191786915063858
2019-11-12,2019-11-13,2019-11-14,1,0.5474115610122681,2048b5b0f99ccf2545b24e17efbc4ca0a464c1821097dc0ee8b8fb929aac21ba,0.06326102465391159
2019-11-13,2019-11-14,2019-11-15,1,0.5461297631263733,12305c767b6f82876f9ad332b93d16bd32dfcbfd26f59002d3ef94356e11a298,0.06299503147602081
2019-11-14,2019-11-15,2019-11-18,1,0.5451475381851196,04b834aab91b610167bd98920a49ad5b8254ba16402b62ba951da8500842c5a3,0.06290522962808609
2019-11-18,2019-11-19,2019-11-20,0,0.5475643277168274,9e91072c5fa8c0266ac9c913adae3bcfaf799432377f5598b53c973736f1d236,0.06319182366132736
2019-11-19,2019-11-20,2019-11-21,0,0.5481866002082825,abec200c424d3834d5114ed5b1cdbfa83e15f568270fa425b023c649baf9b578,0.06344228237867355
2019-11-20,2019-11-21,2019-11-22,1,0.5470853447914124,142a77ebffc650fcd32842d23214e89492a96702267961a6ce0972c9f841b0f9,0.06323637813329697
2019-11-21,2019-11-22,2019-11-25,1,0.5455558896064758,1b4ef513808c8137a68ae17650623e6125a41d80048e1526b24212abffdae79e,0.06362386047840118
2019-11-25,2019-11-26,2019-11-27,1,0.5454858541488647,86f903a51eac95caa3da33b3306719473ddfb8150a0ecf8fdcc0712dba38339c,0.06311598420143127
2019-11-26,2019-11-27,2019-11-29,0,0.5456221699714661,5a9b82b2595a28ee9071aa8a9a81391dc18eaa33dafb887502d6410199a3ec9e,0.06279143691062927
2019-12-02,2019-12-03,2019-12-04,1,0.5477221608161926,1f50649a97a0bd49fba8c06acbdc973265663076f679afd26d87af314bc8388f,0.06342852860689163
2019-12-03,2019-12-04,2019-12-05,1,0.5456638932228088,a8be53641c3ea7f2fab1a1be2ab42a6dbe4104a7c2ff27053e52d607c59b4d03,0.0628427043557167
2019-12-04,2019-12-05,2019-12-06,1,0.5455827713012695,a6a7ec22b8c47729923b2bc20b3f31c14a592b1fddc4e6cdb339bd780b4de0d6,0.06284206360578537
2019-12-05,2019-12-06,2019-12-09,0,0.5451704859733582,1d9a7fc85db8a0f39395f5718df3d4330bd8cfe09927ad9cc480c8f64fc5287d,0.0630023330450058
2019-12-09,2019-12-10,2019-12-11,1,0.5476836562156677,2291de5dd771765d1678a69fe26e02bfee2bb056126387241057d7720cddf35f,0.06317358464002609
2019-12-10,2019-12-11,2019-12-12,1,0.5462114810943604,88281a69893c0cf92394fe2204c0aefcaea486512050e1934c6f378d6fcc7da0,0.06317683309316635
2019-12-11,2019-12-12,2019-12-13,1,0.5452261567115784,60fdcd4674e644bc6b5dfe0e398f1075f98e04f8acf47cf92c22048fc70bdba9,0.06296000629663467
2019-12-12,2019-12-13,2019-12-16,1,0.5477122068405151,36ca6ef3d3ad45858c226b79c0ecaae7255420dd554a01fed28af7c0a032ee5c,0.06322842091321945
2019-12-16,2019-12-17,2019-12-18,1,0.5473721623420715,922e89d2a6a870d544653be5f6dd782dda2c3b951b0694761dc47a50baf76b9b,0.06326423585414886
2019-12-17,2019-12-18,2019-12-19,1,0.5459588766098022,9c4fcc9131176bebd3c7691ad1558bd07b34fc6c6d3f0bd0169e845bbbe64362,0.06333281844854355
2019-12-18,2019-12-19,2019-12-20,0,0.5464487671852112,68ee4ebf7dff12d26b004bbe7b63f699f28d18d6a12e5f68a73d07af73ae8690,0.06343382596969604
2019-12-19,2019-12-20,2019-12-23,1,0.5483986735343933,7752230e76d2e39b113e0e39ecfdceee9a93893e3d41c53fafca8b82075d5971,0.06328845769166946
2019-12-23,2019-12-24,2019-12-26,1,0.54523766040802,5b8a8ce50d26946be1afc588dc3ce5ebb7cd25b59eaedef6287d593b8afd4d16,0.06284362077713013
2019-12-26,2019-12-27,2019-12-30,0,0.5451648235321045,460602fd784e6677f48b5eccc44d992e8fc467d8014e795b694f5386def9510a,0.06286244839429855
2019-12-30,2019-12-31,2020-01-02,1,0.5456793308258057,68900a30e52784af6646877ed02a092fe0f00a370e673936d8b412de27b61727,0.06297244876623154
2020-01-02,2020-01-03,2020-01-06,1,0.5473178625106812,875759238bc9f2a703630ec8c64d7422ae377bb68e9bcef433c918f6b3f2ce71,0.06409803777933121
2020-01-06,2020-01-07,2020-01-08,1,0.546592652797699,a89904a58f4dbad248a5bc11e041b45417d930f3fee325c39dbb4334e648e656,0.06299856305122375
2020-01-07,2020-01-08,2020-01-09,1,0.5452478528022766,14ecdb3c7e44abbc241fb7e95a97bbedfb65367102bf76fc76292b75d9126396,0.06287334859371185
2020-01-08,2020-01-09,2020-01-10,0,0.5451198816299438,727139d7ff7b8dc7030143d2a3829b19e4fc1c2dc5a930b0bb7f588f4e8c58b4,0.06293395161628723
2020-01-09,2020-01-10,2020-01-13,1,0.5462769269943237,02bf1052a2bb19f8b66cac1b25c95ff94e25a4f33f43f60317b764176ca0351d,0.06332138925790787
2020-01-13,2020-01-14,2020-01-15,1,0.5477375388145447,6cf9d5335c0980338bc4b08729325c8ae14e007a83f78c9377ebb505912b92fd,0.06338726729154587
2020-01-14,2020-01-15,2020-01-16,1,0.5461185574531555,4fb2383b0d3309515ea77419502cf06520a590de1ad340ead162732edb28aa90,0.06314746290445328
2020-01-15,2020-01-16,2020-01-17,1,0.545424222946167,1f3823f9300dc69deffffd5b336092ca017d734093bfe7995bf4faefb13a4beb,0.06303264945745468
2020-01-16,2020-01-17,2020-01-21,0,0.546132504940033,1bbe2c2519896c7ba354452b169995e519623c9722c6021d7bd693ef67953d79,0.06324619054794312
2020-01-21,2020-01-22,2020-01-23,1,0.5466315746307373,0678f26c28a9c5ff16fa5f93045777a050a1afc2c51ebbf47567d19ad4533ff8,0.06312763690948486
2020-01-22,2020-01-23,2020-01-24,0,0.5462455749511719,9dc0fbd265cc368867dfda27d825d2dbd59b990670c533050604ceaaaac1161d,0.0628712847828865
2020-01-23,2020-01-24,2020-01-27,0,0.5485105514526367,2a2ecf2904bac3cb4cb7aa10413d36ff562beeb9a7c35cc4d0d32bb26cca3ddd,0.06345024704933167
2020-01-27,2020-01-28,2020-01-29,0,0.5451398491859436,0cd5b241e96aa1fdd5cc91254e325aeb3be39fcf18b25cb7f337fb5c0ec9e708,0.06288809329271317
2020-01-28,2020-01-29,2020-01-30,1,0.5462713241577148,3ef7221cb5dabee91a88e7387bb6102407c0c4974f0920ef18b01462be7a29b7,0.06327519565820694
2020-01-29,2020-01-30,2020-01-31,0,0.547301173210144,374d8f01f086e1ea11fff9137bb861cfe3c50269d0c1eaaa492a5f6e4f050d28,0.06299775838851929
2020-01-30,2020-01-31,2020-02-03,1,0.5490648746490479,3647e845a9cf817264d7d22a4a827ff8fb6ee2f4a9f7a9fa41c7651d1c6c8211,0.06333120167255402
2020-02-03,2020-02-04,2020-02-05,1,0.5434916615486145,6581101a25008addabe7c6a24dca8d95d9c961552475584936bc88e31665720e,0.0629756972193718
2020-02-04,2020-02-05,2020-02-06,1,0.5446849465370178,3d3007ea44e521364143fcd997345eb6fbff9a3a09cb11544115e4f7c290cd3b,0.06315773725509644
2020-02-05,2020-02-06,2020-02-07,0,0.5466481447219849,0ee4cbc862d2287847d4b1a0cbd75f73f9d3bd03713605f4d5e1a8453edb26f2,0.06285522878170013
2020-02-06,2020-02-07,2020-02-10,1,0.548194944858551,3000b77460d260e59fc47728f77980f82068d136771f934a08630f1d581dfda1,0.06337675452232361
2020-02-10,2020-02-11,2020-02-12,1,0.5462065935134888,ae4aadc9d22ed19cb7092bdc2d62ff2e2483ea6bb94a16df606ddb416b34816a,0.06323707103729248
2020-02-11,2020-02-12,2020-02-13,0,0.5449091792106628,345dc40b7b2ce3ecca2008ccb3101dfb8f0fcee1822f52766ec667efc7d39974,0.06268904358148575
2020-02-12,2020-02-13,2020-02-14,1,0.5472946166992188,ace4c5b48b19358f360ec16e4f41ab828af44a9b9b208f2efeccbd460236813d,0.06319113820791245
2020-02-13,2020-02-14,2020-02-18,0,0.5476712584495544,2a9d803ca076a2cca94e01fe7b0e8ac200b5a89440c70e1acdb7263768b6a986,0.06313510239124298
2020-02-18,2020-02-19,2020-02-20,0,0.5464011430740356,496732b2184ba9389297b596dfef9944f09e87f3c64f13f57c7aaec0fdd64d41,0.06318307667970657
2020-02-19,2020-02-20,2020-02-21,0,0.5475483536720276,1c1bf4cc2d157c1379b5fb5b10e8f457780e1b33344c0e26ba3312df19291e74,0.06301893293857574
2020-02-20,2020-02-21,2020-02-24,0,0.5479792356491089,1f1cc84231d4453787fabc38ac2e527eae11c28d33616a9de09f87ce560e2070,0.06381873786449432
2020-02-24,2020-02-25,2020-02-26,0,0.5496823191642761,97cf833f5ae2326b12f84c61e86aabde5620e18ce4f11663832c19f7755a5c95,0.06490549445152283
2020-02-25,2020-02-26,2020-02-27,0,0.5474244356155396,2ab1d5ccce02c469d3836f6ee405c24b94f6444b91114082e9571b907474c628,0.06370291858911514
2020-02-26,2020-02-27,2020-02-28,0,0.5428597927093506,59c9be3861d9b059ecb79a9259fa12a84239114865e83091fc07eee30bf3f03f,0.06376800686120987
2020-02-27,2020-02-28,2020-03-02,1,0.5424261093139648,89187b249a15f8a0d025d936506b6b1061c0d55c7847753ff0187742c6ac1a6a,0.0628676488995552
2020-03-02,2020-03-03,2020-03-04,1,0.5449300408363342,0e7c0b34a09c40626553a946ffa1a028b0668f6e2d4bac25023bc23088584f47,0.06367270648479462
2020-03-03,2020-03-04,2020-03-05,0,0.5379381775856018,6f75fd76ef0bd5d8db6a00d85fcbafe3e8b35e2245c74d78be1b50ac6b3ade50,0.06340619921684265
2020-03-04,2020-03-05,2020-03-06,0,0.5439746379852295,5f6571bec0f9840bd581c6d48474196d4ad0a6011cdcfe999e03c58f19ee4f35,0.06327798217535019
2020-03-05,2020-03-06,2020-03-09,0,0.5430793166160583,94020851b51d20dc4b629f32017d70a10a5c6220da778e36ccbac4e1935d78ff,0.06315752118825912
2020-03-09,2020-03-10,2020-03-11,0,0.5355207324028015,14fd7b6ffcf9818b75eabd2aa62527fcb5be5b6095617ad38d61e8b5e5e32a41,0.06448061019182205
2020-03-10,2020-03-11,2020-03-12,0,0.5408710837364197,305020d21c14ee7fef75a7df4e1d2651654e6cfcbabce5775965286f00fb9afb,0.06332266330718994
2020-03-11,2020-03-12,2020-03-13,1,0.5333316326141357,70ef58c2c60d486430f1ce07e81524bf600e130394b5c8e3b6d99cc3f0fbdd58,0.06332684308290482
2020-03-12,2020-03-13,2020-03-16,0,0.5251227021217346,33153d8e41d3aae81e76e70283527d3cc3e55d4b84aa1f2dc23d6184d5e53b03,0.06443507969379425
2020-03-16,2020-03-17,2020-03-18,0,0.535098671913147,4a4ac1199ae8b3dbf8a95e969d315969bd995b40b716f788c8503c6fa845dcb1,0.0643661618232727
2020-03-17,2020-03-18,2020-03-19,1,0.535457193851471,313b2bf0749e5a445c1bbecea54700d2df438e9d2b6d62698352133f4aae2ce8,0.06324908137321472
2020-03-18,2020-03-19,2020-03-20,0,0.5431786775588989,50fb1f8771c90aa560f76dbb3318b7ff1de92ad066ad0a46b8f4fee8a8226250,0.06307166814804077
2020-03-19,2020-03-20,2020-03-23,0,0.5451565384864807,3c42ca371584ea2b7be84c2a806636058add3a38474702408ba9c0b60f54e1d5,0.06372374296188354
2020-03-23,2020-03-24,2020-03-25,1,0.5216437578201294,1cd14e40c359352fce37bb9372658fd6a729cf1166ad3f875cb2a3a91e208ca0,0.06437457352876663
2020-03-24,2020-03-25,2020-03-26,1,0.5393689274787903,0d1724b5d3b07deeadd4083c6cdcba24f35a49e9e026ccf53be6ec883fc3b0fa,0.06311330199241638
2020-03-25,2020-03-26,2020-03-27,0,0.5348135232925415,a862939c0af9594294aafa5a56eb378061b72aa9c1a6fa033b640f63c9fab9cc,0.06317802518606186
2020-03-26,2020-03-27,2020-03-30,1,0.5415377020835876,8f7e8a07f88706da204d843e674530a39b1c8dddb37d343e8792538863808f44,0.06273068487644196
2020-03-30,2020-03-31,2020-04-01,0,0.5470308065414429,160be746ff33d974a8e263a3aafa1b3eb22bb730e4ba54231af33a2fde092aa4,0.06322532147169113
2020-03-31,2020-04-01,2020-04-02,1,0.5399730205535889,257935dfa288bc3f4d390d1754bc4f92e626ca7e8b1d77a059702702f1ee1348,0.06303569674491882
2020-04-01,2020-04-02,2020-04-03,0,0.5430939793586731,b122b539d36ee8eb0b8e8342e63995da7f4efd65a7c04df95598a521a18fe49a,0.06302797794342041
2020-04-02,2020-04-03,2020-04-06,1,0.5458184480667114,04066b0f182c70ab33e500bf4cf5ff9b5119db2b3b301d8e905589bc988b51e8,0.06349021941423416
2020-04-06,2020-04-07,2020-04-08,1,0.5413568019866943,521730b173f575cd19ae24771e156302d1afeb0d3485f244b5c448f103c86f43,0.06317528337240219
2020-04-07,2020-04-08,2020-04-09,1,0.5388351082801819,777ec601a1bcf969c96ef1316733da2280934adf1b382bd841f6ecfc17e18019,0.0629948228597641
2020-04-08,2020-04-09,2020-04-13,0,0.5426649451255798,29293236344fd49674ca5eab94e6724dd7a67e6badb3f2ff277efdadfd79a782,0.06277108192443848
2020-04-13,2020-04-14,2020-04-15,0,0.5391813516616821,93c79df3d4a70d40616c352b5a31a46ebfc124af58fdac6204cf3939fac8a42a,0.06330685317516327
2020-04-14,2020-04-15,2020-04-16,1,0.544144868850708,2b1f5401fa8b6f3c05aaed6487015ee33492d4afa0ca4e26d75e3b377f58c16d,0.0631166473031044
2020-04-15,2020-04-16,2020-04-17,1,0.5459994077682495,64ebb846997d78ab7ea15e25cd5c6793f25b191eb5d3dd7568db1d4bcebf116a,0.06315620988607407
2020-04-16,2020-04-17,2020-04-20,0,0.5402091145515442,8a610c773502f38655824c9af3be992c987d0ba4937dc8e6f42b05acaa425c78,0.06358688324689865
2020-04-20,2020-04-21,2020-04-22,1,0.5457596182823181,1dd48e3c58ce7cebc6fb964fd4bf2ca173eb64542f22aac874f0ad43743d2f1f,0.0634092390537262
2020-04-21,2020-04-22,2020-04-23,0,0.5403844118118286,0c22a9aa32777c818a245b58a22055b1eb46480d4c7d9bb2aefb873deb1d56a8,0.06306450814008713
2020-04-22,2020-04-23,2020-04-24,1,0.5460905432701111,05cd19f956ada9cf8f71669cd5332759e9b0203cf969d76675817c8b3bc10e17,0.06307050585746765
2020-04-23,2020-04-24,2020-04-27,1,0.5446149110794067,6f2cf4ea6e455dbff7589bface22606cefb60a5e5152d42db0eb94e0aa34b5fc,0.06282736361026764
2020-04-27,2020-04-28,2020-04-29,1,0.545886218547821,a41935abd2eacb917f8721259121f3c9c02ea49bb77e00d01da92256e68c1944,0.06330184638500214
2020-04-28,2020-04-29,2020-04-30,0,0.5409387946128845,65d8e8364f682abd08cd4c9274b75fa56b4073d5dc9599aa4a37c2723b2584ce,0.06311444938182831
2020-04-29,2020-04-30,2020-05-01,0,0.5474364161491394,12911a440251b83b684f1242a5f75ed7828fc63ce31712a1d8508bcf192363f6,0.06347866356372833
2020-04-30,2020-05-01,2020-05-04,1,0.544457197189331,2aea9d5f7654f7f6f6af0f06fb796fc70ec88d926771e0a3e2c9e6dae860d418,0.0630776658654213
2020-05-04,2020-05-05,2020-05-06,0,0.5442538261413574,164847c57e047d6a4b85e7df9df94f6ef996418bc2f0f86dcca09209d1501ba4,0.06284191459417343
2020-05-05,2020-05-06,2020-05-07,1,0.5492353439331055,5efbd268ffa7be79eb62a1fdd0b4f1c098de72a1b9cbeb546eb588491c88eaa9,0.06318281590938568
2020-05-06,2020-05-07,2020-05-08,1,0.5437943935394287,0008c08830b4b07f43e4aeab5eb68aff6a748cffd1ecbe22f5f88c03f69a8668,0.0629504844546318
2020-05-07,2020-05-08,2020-05-11,1,0.5425934195518494,1848061999db66b75a869bc47dac98876bb100f63c66955d551ea86f33bffbc0,0.06296943128108978
2020-05-11,2020-05-12,2020-05-13,0,0.5490121245384216,2200b07892708975745e957ba21e847723d3e30257ae21fd580a086d68106eb8,0.06490865349769592
2020-05-12,2020-05-13,2020-05-14,1,0.5470989346504211,6f06dd122218e53f42c53538f438b988689e65c14c3867a35fa3848b9755f5b8,0.06434663385152817
2020-05-13,2020-05-14,2020-05-15,1,0.5448169708251953,a262d2d874d50a8ef9c1cc34a5713f5b873f7cad8ba35e627d545c76641cd0bd,0.0629882737994194
2020-05-14,2020-05-15,2020-05-18,1,0.5464552044868469,3865c64776df5664bcf9f5597ea7f08a26d1e53b403e1b388c9ca2cc50f46e83,0.06308501958847046
2020-05-18,2020-05-19,2020-05-20,1,0.5481526255607605,158be12cb8e8b22d583acfe31a8cb2bf1da7ef2a385d6bf7863ac687ae4e2a80,0.06324996054172516
2020-05-19,2020-05-20,2020-05-21,0,0.5430251359939575,471183f25d8d81e8137713b14951d6c7a66192fcdefbb69bbf327878239e4cd4,0.06308232247829437
2020-05-20,2020-05-21,2020-05-22,1,0.5484631061553955,7124ad5854fcdbcc099a96ce6f5f135785d184a5edc90683c1dde87ea59dc61b,0.06322184950113297
2020-05-21,2020-05-22,2020-05-26,1,0.548241913318634,adcf67077932f71d492648b4d13e7a348276b81d349891322be3e8f264305227,0.06292855739593506
2020-05-26,2020-05-27,2020-05-28,0,0.5434514284133911,6226f5637aac7649e1c5c1727a60c735a29deabb37c3b281c4e0c75fd2f7bac5,0.06305932253599167
2020-05-27,2020-05-28,2020-05-29,1,0.5467920899391174,781fe729bba4c378c7fae1c149b5a39384e8c44f564a27fa482d60d496b40c07,0.06322070956230164
2020-05-28,2020-05-29,2020-06-01,1,0.5469568371772766,7ccfb4944e48364b434c3d759e5d10abe3338b8fce590d959419659b48a47a91,0.06315445899963379
2020-06-01,2020-06-02,2020-06-03,1,0.5455732345581055,1eb4efbe24202c473bb49b9e3628f6d193c2e318f1d80d4bca423a5d05d79615,0.06308050453662872
2020-06-02,2020-06-03,2020-06-04,0,0.5437118411064148,39abe6f16b59c636b6bef8ea9147251a093eeb882fe4069c16f008ce3c1b298e,0.06741594523191452
2020-06-03,2020-06-04,2020-06-05,1,0.5480541586875916,b528000100401ebe55a11a2c39d49f773a3e91cffa9cd59813e50417f8b528ce,0.06336256116628647
2020-06-04,2020-06-05,2020-06-08,1,0.5403460264205933,2ca1896fa8ac012c14df239656f1d0e390e3a087843625a32a137aa9ca6285be,0.06355409324169159
2020-06-08,2020-06-09,2020-06-10,0,0.5469604730606079,6468b47eb7e5f52d352007bae4ced7a0d057c431128838ec63ab0ac003265b16,0.06350923329591751
2020-06-09,2020-06-10,2020-06-11,0,0.5484328269958496,a3ddd8f36caee6241d02f2b5156dd4a2a37510a1c5b775535e7ee562087b5bf1,0.063458152115345
2020-06-10,2020-06-11,2020-06-12,1,0.5427784323692322,595db3263314a2b92eb75b753160f26125d6b505a2c24a382c8f7e396bf89777,0.06389371305704117
2020-06-11,2020-06-12,2020-06-15,1,0.5412249565124512,4b0ee212149bdaee36132a682535fb8b6c610258251d39342708901786362b72,0.06321413069963455
2020-06-15,2020-06-16,2020-06-17,0,0.5403936505317688,37c8498d6089396d9580ee8519db3c6f6a3781b09caebf5754641875f1e54aaf,0.06322740763425827
2020-06-16,2020-06-17,2020-06-18,1,0.5482607483863831,3f1318eae7f9e370e0f68253cf595d734e503443b1f62c552682706fa0f810e8,0.06341741979122162
2020-06-17,2020-06-18,2020-06-19,0,0.5477930903434753,a16e85b3a78b57af3c894399416372e703f12e0141aafeb9c982b6015f415124,0.06319163739681244
2020-06-18,2020-06-19,2020-06-22,1,0.5487381219863892,3fa6d80db4c3580f5278412abc6835e71b5b4aab7050a3ede38dd3c2d050b61e,0.06336512416601181
2020-06-22,2020-06-23,2020-06-24,0,0.5450047254562378,12367d8a57eac23cd5960678040bd0f0a64107d7cd98cba2a91adc9195941bc9,0.06287980824708939
2020-06-23,2020-06-24,2020-06-25,1,0.5465202927589417,e0449d2a69d9112610627e1538f7038dba9a9e5335d6274968035d54589653d5,0.06311437487602234
2020-06-24,2020-06-25,2020-06-26,0,0.5453556180000305,a7e4349b0d3ec5e063acfdc8e68617fa3cdaae45c26d979f334be153e75d90d9,0.06301932036876678
2020-06-25,2020-06-26,2020-06-29,1,0.5479961037635803,72f97ab70ae0dac5f69ab0cf0f57dcf94c8f269dcd9db18b6824d3f682faed28,0.06449054926633835
2020-06-29,2020-06-30,2020-07-01,1,0.5438193082809448,039b4bfb21d4d40ab2d02b39f5fc22adeef527f7a43f2b3d864ce22c2ec66d5f,0.06274016201496124
2020-06-30,2020-07-01,2020-07-02,1,0.5451382398605347,8338fbdde2f21ddabf787da68b36e9619736d78aaacac2614b5dbccdc6199b37,0.06293297559022903
2020-07-01,2020-07-02,2020-07-06,1,0.5442642569541931,52970d7ce795813576273c8848b58f302b9096f7ff30bdd6a16682249ba1b794,0.0631767213344574
2020-07-06,2020-07-07,2020-07-08,1,0.5479632019996643,0a18ba1dd47f6c53df5dfb4bbbaa78d1d62e17016a44c1ff30fb5342d2f920ce,0.06309052556753159
2020-07-07,2020-07-08,2020-07-09,0,0.5455487966537476,99e34b4460bde8befa23e6349e9c9a8d26c44c2d3edc6bab767de9f5572318df,0.06302952766418457
2020-07-08,2020-07-09,2020-07-10,1,0.547537088394165,442c23041e860427397229a93efec9317db31c5d2e5a9989c8a59678bb4a7ae7,0.06313851475715637
2020-07-09,2020-07-10,2020-07-13,0,0.5454025268554688,6ca921eec7b15de4fca9c99e05396a4392e1755ef5b813e532f16378b1970f79,0.06278238445520401
2020-07-13,2020-07-14,2020-07-15,1,0.5447242259979248,0d9644d0b9fb77406cb0ab1bca3f579104710491057f887e8dc97213de1f0f8c,0.06335896253585815
2020-07-14,2020-07-15,2020-07-16,0,0.5456594228744507,dd967cf82c1a21f907867523b331f7c831eb9e6fd00916d372e1410aefe0129c,0.06296952813863754
2020-07-15,2020-07-16,2020-07-17,1,0.5472710728645325,766814cade7669171f6736ea1e93986f2ab501046387887dfdf84b1f6d841e7f,0.06303072720766068
2020-07-16,2020-07-17,2020-07-20,1,0.5464085340499878,a1f3f5939faf77f16f8ea56c71f292ad828dbb2039d190bd69343489ff7d4e5c,0.06299983710050583
2020-07-20,2020-07-21,2020-07-22,1,0.5456821918487549,098c7eed5372c4ef137abd007f59c7b0517fd91eaec24013abeabe78dab07063,0.06287532299757004
2020-07-21,2020-07-22,2020-07-23,0,0.5467095375061035,33d73bb377274692261067929aa951d7e03b2fc3a0f9ad51480f47dd54276262,0.06695528328418732
2020-07-22,2020-07-23,2020-07-24,0,0.5477635264396667,9c6db6457b2a08fc3e8c634053879e71fd3c39fa41bcc396f58ff4774c87b7e8,0.06329002976417542
2020-07-23,2020-07-24,2020-07-27,1,0.548326849937439,5afdd928fb00099eec442785617daa7f7f35d3908aa642c1724192476dee7fbe,0.06360500305891037
2020-07-27,2020-07-28,2020-07-29,1,0.5488188862800598,7a4221a3610e74a53ce073e405af3a8ec527d04bbd9c01e71f4dcabb910384ad,0.06310504674911499
2020-07-28,2020-07-29,2020-07-30,0,0.5453230738639832,7515dc8346ed9173613ceadb6d517c38c4f8db000a6df0c75ebe05ed06fb5c43,0.06290604919195175
2020-07-29,2020-07-30,2020-07-31,1,0.5464901328086853,06fa9f38cc34dd08159f5cf0ac4a2dbb80bfff78d13d363c9e21f73b173b054f,0.06308767199516296
2020-07-30,2020-07-31,2020-08-03,1,0.5458592772483826,72ebbc9f0244d4d878715434646df804dbc871717381ef0b7da4b946077eae67,0.06319008767604828
2020-08-03,2020-08-04,2020-08-05,1,0.5463494062423706,6684972733f12707c2a86bd358440ea7a07ffad6d815b051f90dbc2fcff75668,0.06299369782209396
2020-08-04,2020-08-05,2020-08-06,1,0.5454897880554199,77146ac19cf98cff5f61de2bd34cd08aee8dcd49e8b73bd07bbabfde6c82695f,0.06278825551271439
2020-08-05,2020-08-06,2020-08-07,1,0.5458211302757263,a7713ba8525e90068ed21b0f177fa39d875d1749be672193f477cbc502219994,0.06308363378047943
2020-08-06,2020-08-07,2020-08-10,1,0.5475593209266663,6967eefc12c3b16eabeef373b7fc886764a60ba56a637bb71d14636bf9347887,0.06285455822944641
2020-08-10,2020-08-11,2020-08-12,1,0.5480492115020752,91b6b2f65f2ef78fd041bd9c612a7feaf0a5437a2c2b269d21d23d9d125c6cdc,0.06370797008275986
2020-08-11,2020-08-12,2020-08-13,0,0.5443183183670044,62935024000c1b235df47c1ffc18c0570adb2f3c2b24212a30c47db22074cd7e,0.06323359906673431
2020-08-12,2020-08-13,2020-08-14,1,0.5473155975341797,0bd3f35020f41bb7b309aa1fc55faba5f355039c99a40b267243680904beec0c,0.06292106956243515
2020-08-13,2020-08-14,2020-08-17,1,0.547890305519104,59d654244c1e76a58f0a1b8f92fb8b3a836a96827452ae2339e20e5902ab0a4d,0.06286841630935669
2020-08-17,2020-08-18,2020-08-19,0,0.5460283160209656,842d0ba927ff57d834650f058bf03b42232401c89ae3486627d2da82a8899ab6,0.1436905860900879
2020-08-18,2020-08-19,2020-08-20,1,0.5482460856437683,0052182f8a4e5ab89f281f4418b2e28a38a1e046868c80c8a4412716f61dc0e7,0.06326407939195633
2020-08-19,2020-08-20,2020-08-21,1,0.5463951230049133,325987fd05b62c2c3597d908670fec4a1cfb0f90d3aefa607a90c6e41c30d000,0.06735784560441971
2020-08-20,2020-08-21,2020-08-24,1,0.5461087226867676,1215249feba8e46e8620df859b5dbf7a41698ae900213d6bf6f968f8b7fa03e0,0.06299800425767899
2020-08-24,2020-08-25,2020-08-26,1,0.5452391505241394,2e7fee81f0927a84d058b553988e75ce2928e4cec20a2e1f32a0faf2ae4e71dc,0.07774493098258972
2020-08-25,2020-08-26,2020-08-27,1,0.545772910118103,0c9bbb72aaf0d556fbca6673fafc77e2fbe495656886c9e90d692343a3e03b96,0.07800240814685822
2020-08-26,2020-08-27,2020-08-28,1,0.5457444190979004,70db6cc733f81df704b13e36b975b2674f5f8d068e17af0e14d0e0c6428c51ed,0.06293901801109314
2020-08-27,2020-08-28,2020-08-31,0,0.5448005795478821,8b829dea71640bd5041958e32bec130840f02a7c951065a9df80add3ea640fca,0.06294310837984085
2020-08-31,2020-09-01,2020-09-02,1,0.5449841618537903,5dd3be2e22e7de87d6f3d8f74ae8d40a3fdd1d8d2b23dbb0e21014a2a844abfb,0.06288550794124603
2020-09-01,2020-09-02,2020-09-03,0,0.5443992018699646,9472edc9a5794321051fe119bf383291727d80563ed161f3ff0170bdc48cb458,0.06294124573469162
2020-09-02,2020-09-03,2020-09-04,0,0.5466758608818054,d0a957692dead4641a423d504d5ae495caf9116b0f6564a517cd672ac04e0df4,0.06411624699831009
2020-09-03,2020-09-04,2020-09-08,0,0.545093834400177,66e08d1b559810d8e3b8d642b5b30acb9fe079353206f5c594a96afe696f0150,0.08381569385528564
2020-09-08,2020-09-09,2020-09-10,0,0.5426729917526245,ad5eaf4f2474c4795feb582c977219fa5391a16f8be7720e922e1727d9768548,0.07734523713588715
2020-09-09,2020-09-10,2020-09-11,1,0.5485093593597412,bb21adf1bf2f870eaa7160a5b9a959ab9153e740a788cff260792d507655efb7,0.06372447311878204
2020-09-10,2020-09-11,2020-09-14,1,0.5467709898948669,23b76df4da72925bc8349ac69709c97a84e00a75145d289abe14127e4dee76f9,0.06316538900136948
2020-09-14,2020-09-15,2020-09-16,0,0.5443378686904907,bc9c127e49769eddce4763e008b5653adf8e1f4dbeca99705b8449926d077348,0.0629066526889801
2020-09-15,2020-09-16,2020-09-17,0,0.5482364296913147,5a4e7ce2d6bd5c2c089e70e4111fb571c13e13494896e102ec85f11f2e9399aa,0.06391434371471405
2020-09-16,2020-09-17,2020-09-18,0,0.5456522703170776,3265150d49a2f1b1e7e486622d084b0974d6078b178eff72c5a07ae08529e6c7,0.06332235038280487
2020-09-17,2020-09-18,2020-09-21,0,0.5469964146614075,a6df881108265e5f8c4a0386feb7961995355a4714b5dd46820d242f3de951a2,0.06359808146953583
2020-09-21,2020-09-22,2020-09-23,0,0.5442591905593872,071a83308e23c7b0334558a97ed26ab78edc6312ef351f257fadc033a92b4800,0.06325318664312363
